ticker,group,status,bucket,my_fv,ms_fv,ratio,date,note
NKE,portfolio,done,TURNAROUND,96,97,0.99,2026-06-09,portfolio hand-verdict
AMZN,portfolio,done,COMPOUNDER,293,280,1.05,2026-06-09,portfolio hand-verdict
MSFT,portfolio,done,COMPOUNDER,673,600,1.12,2026-06-09,portfolio hand-verdict
SBUX,portfolio,done,TURNAROUND,92,83,1.11,2026-06-09,portfolio hand-verdict
META,portfolio,done,COMPOUNDER,810,850,0.95,2026-06-09,portfolio hand-verdict
UNH,portfolio,done,FINANCIAL,538,427,1.26,2026-06-09,contrarian-constructive; High uncertainty override
CAVA,portfolio,done,HYPERGROWTH,65,59,1.1,2026-06-09,portfolio hand-verdict
PANW,portfolio,done,HYPERGROWTH,142,285,0.50,2026-06-09,BELOW MS - priced for perfection; software-reinvest fix
CMG,portfolio,done,COMPOUNDER,47,36,1.31,2026-06-09,portfolio hand-verdict
CRWD,portfolio,done,HYPERGROWTH,336,530,0.63,2026-06-09,portfolio hand-verdict
AXP,portfolio,done,FINANCIAL,320,310,1.03,2026-06-09,card issuer balance-sheet financial - DCF invalid (model $2238 off bogus 94% gross); normalized fwd PE 18-19x x $17.6 EPS = $320; Wide moat 34% ROE; Medium uncert (credit cycle)
AMD,portfolio,done,CYCLICAL,250,450,0.55,2026-06-09,documented optionality divergence - 22% growth/30% margin/VeryHigh unc prints $193-280; MS prices aggressive AI datacenter ramp; agree Narrow moat + VeryHigh unc; I read overvalued at 164x trailing
TSLA,portfolio,done,OPTIONALITY,35,400,0.09,2026-06-09,OUT-OF-MODEL auto-flagged (market implies >=40% growth); fundamentals anchor ~$35 (4.2% op margin EV/energy); MS $400 is ~90% robotaxi/FSD/Optimus optionality; agree Narrow moat; no fabricated FV per bucket rule
GOOG,portfolio,done,COMPOUNDER,390,433,0.9,2026-06-09,portfolio hand-verdict
TSM,portfolio,done,ADR,420,428,0.98,2026-06-09,no US-GAAP fundamentals (TWD foreign filer) so DCF cant run; normalized fwd PE ~28-30x x $13-14 EPS = $420; Wide moat foundry monopoly capped by Taiwan geopolitical tail (High uncert); in line with MS
NVDA,portfolio,done,HYPERGROWTH,287,280,1.03,2026-06-09,decelerate +85% YoY to 21% fwd / 40% mature margin (from 66% peak); model lands $287 vs MS $280 matched; Wide moat (CUDA lock-in); risk=hyperscaler in-house silicon
PLTR,portfolio,done,HYPERGROWTH,52,153,0.34,2026-06-09,deliberately below MS like PANW/CRWD - 97x fwd/152x trailing prices perfection; max defensible 28% growth/40% margin = $52 on tiny $5B base; agree Narrow moat + Very High unc; wont underwrite 35% perpetual growth
CAT,portfolio,done,CYCLICAL,500,680,0.74,2026-06-09,mid-cycle 6% growth/19.5% margin (not peak); agree MS Wide moat (model says Narrow - cyclical volatility blind spot) + agree OVERVALUED at $880; gap is mid-cycle margin + Wide-fade not in overrides
LRCX,portfolio,done,CYCLICAL,140,220,0.64,2026-06-09,Wide moat (agree) etch leader 59% ROIC; mid-cycle 11% growth/32% margin + High unc (China/cyclical) = $140; below MS (MS extends WFE up-cycle); both read OVERVALUED at $315 (61x trailing peak)
AAPL,universe,done,COMPOUNDER,200,270,0.73,2026-06-09,documented divergence - 7% growth (above 3.3% CAGR but wont underwrite MS ~12% reaccel) + Medium unc (China/antitrust/Google-TAC/AI-lag) = $198; agree Wide moat + OVERVALUED at $295 (36x trailing)
GOOGL,universe,done,COMPOUNDER,390,433,0.90,2026-06-09,same company as GOOG (voting share class); identical 11% growth/32% margin = $390 vs MS $433; Wide moat 4 star undervalued; slight discount for search-remedy antitrust overhang
AVGO,universe,done,COMPOUNDER,450,650,0.69,2026-06-09,decelerate +48% AI-ASIC surge to 20% (vs model 27.5% cap) / 46% margin = $450; kept Medium unc (software annuity dampens vol vs MS High concentration); below MS but agree Wide moat + not-overvalued
BRK.A,universe,done,FINANCIAL,765000,765000,1.00,2026-06-09,holding co - DCF invalid; SOTP/normalized-PB ~1.5x book; =1500x BRK.B; Narrow moat Low unc; in line with MS
BRK.B,universe,done,FINANCIAL,510,510,1.00,2026-06-09,holding co - DCF invalid (model $341); SOTP/PB ~1.5x book (equity portfolio+wholly-owned ops+$340B cash); Narrow moat Low unc 4star; in line with MS
LLY,universe,done,COMPOUNDER,855,900,0.95,2026-06-09,decelerate +55% GLP-1 surge to 15% (vs model 28% cap)/41% margin + High unc (pharma regulated) = $854; agree Wide moat + OVERVALUED at $1135 (40x trailing); cut raw $3305 baseline 4x
MU,universe,done,CYCLICAL,130,455,0.29,2026-06-09,memory at cycle PEAK (op margin 67.6% TTM unsustainable; fwd PE 8.78=peak earnings); value mid-cycle 10% growth/22% margin = $103-130; agree MS None moat (model Narrow); both read OVERVALUED at $960; gap=HBM structural uplift skepticism
WMT,universe,done,STABLE,70,70,0.98,2026-06-09,5.5% growth/5.0% expanding margin (retail-media+membership mix shift) = $70 matched MS; agree Wide moat (model Narrow) + Low unc; both read OVERVALUED at $119 (42x trailing)
JPM,universe,done,FINANCIAL,310,311,1.00,2026-06-09,bank - DCF invalid (model $2179); normalized 15x PE x $20.5 EPS + 2.3-2.4x PB on 16.5% ROE = $310 matched MS; Wide moat Medium unc fairly valued
ASML,universe,done,CYCLICAL,1250,1400,0.89,2026-06-09,EUV monopoly Wide moat (agree); decelerate 19.8% CAGR to 13%/36% margin + Medium unc (China export controls+cyclicality vs MS None) = $1246; below MS; both fairly-to-modestly OVERVALUED at $1600 (54x)
XOM,universe,done,CYCLICAL,130,156,0.84,2026-06-09,energy major mid-cycle 4% growth/16% margin = $130; Narrow moat (low-cost integrated, agree MS); slightly below MS (MS ~17-18% margin/None unc); both fairly valued at $148
V,universe,done,COMPOUNDER,355,330,1.07,2026-06-09,payment network mis-tagged Financials; margin 65% real op (not 45%), uncertainty Medium override for DOJ/interchange risk
ORCL,universe,done,COMPOUNDER,150,220,0.68,2026-06-09,database stable + OCI AI-capex bet (FCF negative -$4.3B); 16% growth/33% margin/VeryHigh unc = $142; agree Narrow moat (model Wide)+VeryHigh unc; I read OVERVALUED at $213, MS fair; gap=OCI growth credit
JNJ,universe,pending,,,,,,
INTC,universe,pending,,,,,,
CSCO,universe,pending,,,,,,
MA,universe,pending,,,,,,
COST,universe,pending,,,,,,
ABBV,universe,pending,,,,,,
BAC,universe,pending,,,,,,
CVX,universe,pending,,,,,,
ARM,universe,pending,,,,,,
AMAT,universe,pending,,,,,,
NFLX,universe,pending,,,,,,
GE,universe,pending,,,,,,
KO,universe,pending,,,,,,
PG,universe,pending,,,,,,
MS,universe,pending,,,,,,
HD,universe,pending,,,,,,
GS,universe,pending,,,,,,
MRK,universe,pending,,,,,,
BABA,universe,pending,,,,,,
AZN,universe,pending,,,,,,
NVS,universe,pending,,,,,,
PM,universe,pending,,,,,,
RY,universe,pending,,,,,,
IBM,universe,pending,,,,,,
TXN,universe,pending,,,,,,
DELL,universe,pending,,,,,,
KLAC,universe,pending,,,,,,
GEV,universe,pending,,,,,,
WFC,universe,pending,,,,,,
RTX,universe,pending,,,,,,
LIN,universe,pending,,,,,,
SNDK,universe,pending,,,,,,
MRVL,universe,pending,,,,,,
QCOM,universe,pending,,,,,,
C,universe,pending,,,,,,
BHP,universe,pending,,,,,,
MCD,universe,pending,,,,,,
TTE,universe,pending,,,,,,
ADI,universe,pending,,,,,,
ANET,universe,pending,,,,,,
PEP,universe,pending,,,,,,
TMUS,universe,pending,,,,,,
STX,universe,pending,,,,,,
VZ,universe,pending,,,,,,
AMGN,universe,pending,,,,,,
APP,universe,pending,,,,,,
NEE,universe,pending,,,,,,
TJX,universe,pending,,,,,,
WDC,universe,pending,,,,,,
TMO,universe,pending,,,,,,
DIS,universe,pending,,,,,,
APH,universe,pending,,,,,,
BA,universe,pending,,,,,,
BLK,universe,pending,,,,,,
UNP,universe,pending,,,,,,
GILD,universe,pending,,,,,,
ABT,universe,pending,,,,,,
T,universe,pending,,,,,,
DE,universe,pending,,,,,,
SCHW,universe,pending,,,,,,
UBS,universe,pending,,,,,,
ETN,universe,pending,,,,,,
GLW,universe,pending,,,,,,
CRM,universe,pending,,,,,,
BUD,universe,pending,,,,,,
ISRG,universe,pending,,,,,,
PFE,universe,pending,,,,,,
WELL,universe,pending,,,,,,
SCCO,universe,pending,,,,,,
UBER,universe,pending,,,,,,
IBKR,universe,pending,,,,,,
COP,universe,pending,,,,,,
SHOP,universe,pending,,,,,,
BX,universe,pending,,,,,,
HON,universe,pending,,,,,,
PLD,universe,pending,,,,,,
DHR,universe,pending,,,,,,
SONY,universe,pending,,,,,,
BKNG,universe,pending,,,,,,
CB,universe,pending,,,,,,
SPGI,universe,pending,,,,,,
ENB,universe,pending,,,,,,
UL,universe,pending,,,,,,
CVS,universe,pending,,,,,,
PDD,universe,pending,,,,,,
LMT,universe,pending,,,,,,
MO,universe,pending,,,,,,
PGR,universe,pending,,,,,,
LOW,universe,pending,,,,,,
SYK,universe,pending,,,,,,
BMY,universe,pending,,,,,,
NOW,universe,pending,,,,,,
VRT,universe,pending,,,,,,
BMO,universe,pending,,,,,,
VRTX,universe,pending,,,,,,
COF,universe,pending,,,,,,
PH,universe,pending,,,,,,
ACN,universe,pending,,,,,,
SNY,universe,pending,,,,,,
EQIX,universe,pending,,,,,,
NEM,universe,pending,,,,,,
FTNT,universe,pending,,,,,,
MDT,universe,pending,,,,,,
SO,universe,pending,,,,,,
PWR,universe,pending,,,,,,
CDNS,universe,pending,,,,,,
MAR,universe,pending,,,,,,
GSK,universe,pending,,,,,,
SPOT,universe,pending,,,,,,
ADBE,universe,pending,,,,,,
TT,universe,pending,,,,,,
HWM,universe,pending,,,,,,
BN,universe,pending,,,,,,
CM,universe,pending,,,,,,
BNS,universe,pending,,,,,,
BNY,universe,pending,,,,,,
DUK,universe,pending,,,,,,
CNQ,universe,pending,,,,,,
GD,universe,pending,,,,,,
MCK,universe,pending,,,,,,
CME,universe,pending,,,,,,
ADP,universe,pending,,,,,,
UPS,universe,pending,,,,,,
PNC,universe,pending,,,,,,
FCX,universe,pending,,,,,,
CEG,universe,pending,,,,,,
AMT,universe,pending,,,,,,
ELV,universe,pending,,,,,,
CMI,universe,pending,,,,,,
SNPS,universe,pending,,,,,,
WM,universe,pending,,,,,,
NET,universe,pending,,,,,,
WMB,universe,pending,,,,,,
JCI,universe,pending,,,,,,
MNST,universe,pending,,,,,,
CSX,universe,pending,,,,,,
KKR,universe,pending,,,,,,
USB,universe,pending,,,,,,
CMCSA,universe,pending,,,,,,
DDOG,universe,pending,,,,,,
SNOW,universe,pending,,,,,,
HCA,universe,pending,,,,,,
SLB,universe,pending,,,,,,
AEM,universe,pending,,,,,,
EPD,universe,pending,,,,,,
MELI,universe,pending,,,,,,
NGG,universe,pending,,,,,,
INTU,universe,pending,,,,,,
MMM,universe,pending,,,,,,
ICE,universe,pending,,,,,,
SPG,universe,pending,,,,,,
CP,universe,pending,,,,,,
MRSH,universe,pending,,,,,,
MDLZ,universe,pending,,,,,,
ABNB,universe,pending,,,,,,
FDX,universe,pending,,,,,,
MCO,universe,pending,,,,,,
HLT,universe,pending,,,,,,
EMR,universe,pending,,,,,,
NOC,universe,pending,,,,,,
CI,universe,pending,,,,,,
MPC,universe,pending,,,,,,
VLO,universe,pending,,,,,,
SHW,universe,pending,,,,,,
RCL,universe,pending,,,,,,
BE,universe,pending,,,,,,
ORLY,universe,pending,,,,,,
NXPI,universe,pending,,,,,,
HOOD,universe,pending,,,,,,
GM,universe,pending,,,,,,
ROST,universe,pending,,,,,,
APO,universe,pending,,,,,,
COHR,universe,pending,,,,,,
BAM,universe,pending,,,,,,
SU,universe,pending,,,,,,
PSX,universe,pending,,,,,,
EOG,universe,pending,,,,,,
CNI,universe,pending,,,,,,
CVNA,universe,pending,,,,,,
MPWR,universe,pending,,,,,,
ITW,universe,pending,,,,,,
ECL,universe,pending,,,,,,
BSX,universe,pending,,,,,,
CTAS,universe,pending,,,,,,
TRP,universe,pending,,,,,,
CL,universe,pending,,,,,,
KMI,universe,pending,,,,,,
NSC,universe,pending,,,,,,
AEP,universe,pending,,,,,,
CRH,universe,pending,,,,,,
AON,universe,pending,,,,,,
TDG,universe,pending,,,,,,
CIEN,universe,pending,,,,,,
RKLB,universe,pending,,,,,,
DASH,universe,pending,,,,,,
MSI,universe,pending,,,,,,
LITE,universe,pending,,,,,,
URI,universe,pending,,,,,,
DLR,universe,pending,,,,,,
ET,universe,pending,,,,,,
REGN,universe,pending,,,,,,
B,universe,pending,,,,,,
WBD,universe,pending,,,,,,
HPE,universe,pending,,,,,,
FIX,universe,pending,,,,,,
RSG,universe,pending,,,,,,
MFC,universe,pending,,,,,,
TRV,universe,pending,,,,,,
APD,universe,pending,,,,,,
STM,universe,pending,,,,,,
BKR,universe,pending,,,,,,
TEL,universe,pending,,,,,,
RELX,universe,pending,,,,,,
PCAR,universe,pending,,,,,,
GWW,universe,pending,,,,,,
TFC,universe,pending,,,,,,
RACE,universe,pending,,,,,,
IMO,universe,pending,,,,,,
AFL,universe,pending,,,,,,
MDLN,universe,pending,,,,,,
SRE,universe,pending,,,,,,
F,universe,pending,,,,,,
D,universe,pending,,,,,,
NU,universe,pending,,,,,,
NUE,universe,pending,,,,,,
NBIS,universe,pending,,,,,,
LHX,universe,pending,,,,,,
MPLX,universe,pending,,,,,,
ALL,universe,pending,,,,,,
O,universe,pending,,,,,,
TRGP,universe,pending,,,,,,
OXY,universe,pending,,,,,,
KEYS,universe,pending,,,,,,
TER,universe,pending,,,,,,
CARR,universe,pending,,,,,,
TGT,universe,pending,,,,,,
FLEX,universe,pending,,,,,,
OKE,universe,pending,,,,,,
AJG,universe,pending,,,,,,
CRWV,universe,pending,,,,,,
MET,universe,pending,,,,,,
PSA,universe,pending,,,,,,
ALAB,universe,pending,,,,,,
FANG,universe,pending,,,,,,
FAST,universe,pending,,,,,,
COR,universe,pending,,,,,,
SE,universe,pending,,,,,,
WPM,universe,pending,,,,,,
CVE,universe,pending,,,,,,
DAL,universe,pending,,,,,,
AME,universe,pending,,,,,,
CTVA,universe,pending,,,,,,
MT,universe,pending,,,,,,
DVN,universe,pending,,,,,,
AZO,universe,pending,,,,,,
EA,universe,pending,,,,,,
ETR,universe,pending,,,,,,
ODFL,universe,pending,,,,,,
VST,universe,pending,,,,,,
LNG,universe,pending,,,,,,
ROK,universe,pending,,,,,,
EW,universe,pending,,,,,,
NDAQ,universe,pending,,,,,,
XEL,universe,pending,,,,,,
ADSK,universe,pending,,,,,,
EBAY,universe,pending,,,,,,
CAH,universe,pending,,,,,,
MCHP,universe,pending,,,,,,
FER,universe,pending,,,,,,
FITB,universe,pending,,,,,,
EXC,universe,pending,,,,,,
HEI,universe,pending,,,,,,
GRMN,universe,pending,,,,,,
ON,universe,pending,,,,,,
CCJ,universe,pending,,,,,,
STT,universe,pending,,,,,,
MSCI,universe,pending,,,,,,
DEO,universe,pending,,,,,,
FERG,universe,pending,,,,,,
IDXX,universe,pending,,,,,,
WAB,universe,pending,,,,,,
CLS,universe,pending,,,,,,
AU,universe,pending,,,,,,
MSTR,universe,pending,,,,,,
FNV,universe,pending,,,,,,
HUM,universe,pending,,,,,,
CCEP,universe,pending,,,,,,
BDX,universe,pending,,,,,,
YUM,universe,pending,,,,,,
KDP,universe,pending,,,,,,
ARES,universe,pending,,,,,,
GFS,universe,pending,,,,,,
BIDU,universe,pending,,,,,,
DHI,universe,pending,,,,,,
CCI,universe,pending,,,,,,
AMP,universe,pending,,,,,,
XYZ,universe,pending,,,,,,
ALNY,universe,pending,,,,,,
HLN,universe,pending,,,,,,
COIN,universe,pending,,,,,,
VIK,universe,pending,,,,,,
AIG,universe,pending,,,,,,
VTR,universe,pending,,,,,,
TEVA,universe,pending,,,,,,
TTWO,universe,pending,,,,,,
PEG,universe,pending,,,,,,
WCN,universe,pending,,,,,,
KR,universe,pending,,,,,,
AXON,universe,pending,,,,,,
ED,universe,pending,,,,,,
JD,universe,pending,,,,,,
ADM,universe,pending,,,,,,
TKO,universe,pending,,,,,,
STLD,universe,pending,,,,,,
ESLT,universe,pending,,,,,,
CBRE,universe,pending,,,,,,
A,universe,pending,,,,,,
CRDO,universe,pending,,,,,,
CCL,universe,pending,,,,,,
PCG,universe,pending,,,,,,
TRI,universe,pending,,,,,,
HSY,universe,pending,,,,,,
JBL,universe,pending,,,,,,
LYV,universe,pending,,,,,,
IRM,universe,pending,,,,,,
WEC,universe,pending,,,,,,
VMC,universe,pending,,,,,,
SYY,universe,pending,,,,,,
PYPL,universe,pending,,,,,,
EME,universe,pending,,,,,,
PRU,universe,pending,,,,,,
ASTS,universe,pending,,,,,,
HIG,universe,pending,,,,,,
PAYX,universe,pending,,,,,,
WAT,universe,pending,,,,,,
RKT,universe,pending,,,,,,
WDAY,universe,pending,,,,,,
MLM,universe,pending,,,,,,
UI,universe,pending,,,,,,
UAL,universe,pending,,,,,,
TWLO,universe,pending,,,,,,
HEI.A,universe,pending,,,,,,
KVUE,universe,pending,,,,,,
SATS,universe,pending,,,,,,
EQT,universe,pending,,,,,,
ROP,universe,pending,,,,,,
HBAN,universe,pending,,,,,,
RDDT,universe,pending,,,,,,
ZTS,universe,pending,,,,,,
LVS,universe,pending,,,,,,
QSR,universe,pending,,,,,,
NTAP,universe,pending,,,,,,
KMB,universe,pending,,,,,,
HAL,universe,pending,,,,,,
ALC,universe,pending,,,,,,
MTB,universe,pending,,,,,,
NTR,universe,pending,,,,,,
RPRX,universe,pending,,,,,,
EXR,universe,pending,,,,,,
PUK,universe,pending,,,,,,
ACGL,universe,pending,,,,,,
VG,universe,pending,,,,,,
RVMD,universe,pending,,,,,,
NTRS,universe,pending,,,,,,
KGC,universe,pending,,,,,,
CQP,universe,pending,,,,,,
TS,universe,pending,,,,,,
NTRA,universe,pending,,,,,,
CNC,universe,pending,,,,,,
IQV,universe,pending,,,,,,
BIP,universe,pending,,,,,,
DTE,universe,pending,,,,,,
AEE,universe,pending,,,,,,
TECK,universe,pending,,,,,,
EL,universe,pending,,,,,,
VICI,universe,pending,,,,,,
FSLR,universe,pending,,,,,,
RBLX,universe,pending,,,,,,
ZM,universe,pending,,,,,,
Q,universe,pending,,,,,,
AMRZ,universe,pending,,,,,,
RJF,universe,pending,,,,,,
CBOE,universe,pending,,,,,,
GEHC,universe,pending,,,,,,
FISV,universe,pending,,,,,,
DOV,universe,pending,,,,,,
BIIB,universe,pending,,,,,,
MTZ,universe,pending,,,,,,
CPRT,universe,pending,,,,,,
FTS,universe,pending,,,,,,
RMD,universe,pending,,,,,,
ATO,universe,pending,,,,,,
PBA,universe,pending,,,,,,
TPR,universe,pending,,,,,,
IR,universe,pending,,,,,,
CASY,universe,pending,,,,,,
EIX,universe,pending,,,,,,
MDB,universe,pending,,,,,,
VEEV,universe,pending,,,,,,
DXCM,universe,pending,,,,,,
FOXA,universe,pending,,,,,,
ONC,universe,pending,,,,,,
TSEM,universe,pending,,,,,,
CNP,universe,pending,,,,,,
TDY,universe,pending,,,,,,
EXPE,universe,pending,,,,,,
NRG,universe,pending,,,,,,
CPNG,universe,pending,,,,,,
CW,universe,pending,,,,,,
STRL,universe,pending,,,,,,
CFG,universe,pending,,,,,,
OTIS,universe,pending,,,,,,
AVB,universe,pending,,,,,,
PPL,universe,pending,,,,,,
TPL,universe,pending,,,,,,
JBHT,universe,pending,,,,,,
FE,universe,pending,,,,,,
VRSN,universe,pending,,,,,,
KHC,universe,pending,,,,,,
FTI,universe,pending,,,,,,
SYM,universe,pending,,,,,,
ES,universe,pending,,,,,,
FICO,universe,pending,,,,,,
MTSI,universe,pending,,,,,,
EQR,universe,pending,,,,,,
NVT,universe,pending,,,,,,
XYL,universe,pending,,,,,,
XPO,universe,pending,,,,,,
CINF,universe,pending,,,,,,
WRB,universe,pending,,,,,,
PPG,universe,pending,,,,,,
TEAM,universe,pending,,,,,,
HUBB,universe,pending,,,,,,
CTSH,universe,pending,,,,,,
FOX,universe,pending,,,,,,
SMCI,universe,pending,,,,,,
WTW,universe,pending,,,,,,
ILMN,universe,pending,,,,,,
BG,universe,pending,,,,,,
DOW,universe,pending,,,,,,
RF,universe,pending,,,,,,
AWK,universe,pending,,,,,,
STZ,universe,pending,,,,,,
ATI,universe,pending,,,,,,
WSM,universe,pending,,,,,,
IHG,universe,pending,,,,,,
FCNCA,universe,pending,,,,,,
CRS,universe,pending,,,,,,
FTAI,universe,pending,,,,,,
P,universe,pending,,,,,,
SYF,universe,pending,,,,,,
VRSK,universe,pending,,,,,,
KEY,universe,pending,,,,,,
BEP,universe,pending,,,,,,
HPQ,universe,pending,,,,,,
UTHR,universe,pending,,,,,,
MTD,universe,pending,,,,,,
LPLA,universe,pending,,,,,,
CHD,universe,pending,,,,,,
DG,universe,pending,,,,,,
BCE,universe,pending,,,,,,
MKL,universe,pending,,,,,,
PFG,universe,pending,,,,,,
TROW,universe,pending,,,,,,
CPAY,universe,pending,,,,,,
DRI,universe,pending,,,,,,
ROL,universe,pending,,,,,,
PHM,universe,pending,,,,,,
TW,universe,pending,,,,,,
NI,universe,pending,,,,,,
LEN,universe,pending,,,,,,
FN,universe,pending,,,,,,
CMS,universe,pending,,,,,,
WST,universe,pending,,,,,,
FFIV,universe,pending,,,,,,
DGX,universe,pending,,,,,,
L,universe,pending,,,,,,
SBAC,universe,pending,,,,,,
EXE,universe,pending,,,,,,
FWONK,universe,pending,,,,,,
RIVN,universe,pending,,,,,,
LEN.B,universe,pending,,,,,,
RL,universe,pending,,,,,,
LH,universe,pending,,,,,,
AKAM,universe,pending,,,,,,
CHRW,universe,pending,,,,,,
SNX,universe,pending,,,,,,
SW,universe,pending,,,,,,
AER,universe,pending,,,,,,
OMC,universe,pending,,,,,,
CRCL,universe,pending,,,,,,
WWD,universe,pending,,,,,,
AFRM,universe,pending,,,,,,
IONQ,universe,pending,,,,,,
FIS,universe,pending,,,,,,
ZS,universe,pending,,,,,,
VLTO,universe,pending,,,,,,
EXPD,universe,pending,,,,,,
DLTR,universe,pending,,,,,,
LYB,universe,pending,,,,,,
EFX,universe,pending,,,,,,
STE,universe,pending,,,,,,
CHTR,universe,pending,,,,,,
TSN,universe,pending,,,,,,
OKTA,universe,pending,,,,,,
STLA,universe,pending,,,,,,
SOFI,universe,pending,,,,,,
ROIV,universe,pending,,,,,,
INCY,universe,pending,,,,,,
INSM,universe,pending,,,,,,
MKSI,universe,pending,,,,,,
RCI,universe,pending,,,,,,
LUV,universe,pending,,,,,,
IOT,universe,pending,,,,,,
RS,universe,pending,,,,,,
ULTA,universe,pending,,,,,,
PAAS,universe,pending,,,,,,
NXT,universe,pending,,,,,,
BURL,universe,pending,,,,,,
BRO,universe,pending,,,,,,
PKG,universe,pending,,,,,,
AS,universe,pending,,,,,,
ESS,universe,pending,,,,,,
SNA,universe,pending,,,,,,
ULS,universe,pending,,,,,,
RBA,universe,pending,,,,,,
IREN,universe,pending,,,,,,
DKS,universe,pending,,,,,,
TU,universe,pending,,,,,,
EVRG,universe,pending,,,,,,
ENTG,universe,pending,,,,,,
DD,universe,pending,,,,,,
AA,universe,pending,,,,,,
MRNA,universe,pending,,,,,,
LNT,universe,pending,,,,,,
FTV,universe,pending,,,,,,
RBC,universe,pending,,,,,,
IFF,universe,pending,,,,,,
USFD,universe,pending,,,,,,
LSCC,universe,pending,,,,,,
VTRS,universe,pending,,,,,,
ALB,universe,pending,,,,,,
APG,universe,pending,,,,,,
H,universe,pending,,,,,,
GPN,universe,pending,,,,,,
ROKU,universe,pending,,,,,,
CX,universe,pending,,,,,,
MGA,universe,pending,,,,,,
BEKE,universe,pending,,,,,,
INVH,universe,pending,,,,,,
IP,universe,pending,,,,,,
DOCN,universe,pending,,,,,,
LII,universe,pending,,,,,,
GIS,universe,pending,,,,,,
WY,universe,pending,,,,,,
AMCR,universe,pending,,,,,,
BR,universe,pending,,,,,,
RGLD,universe,pending,,,,,,
WES,universe,pending,,,,,,
CF,universe,pending,,,,,,
FLUT,universe,pending,,,,,,
TTMI,universe,pending,,,,,,
WCC,universe,pending,,,,,,
EWBC,universe,pending,,,,,,
ITT,universe,pending,,,,,,
HST,universe,pending,,,,,,
BWXT,universe,pending,,,,,,
NWS,universe,pending,,,,,,
CDW,universe,pending,,,,,,
SN,universe,pending,,,,,,
ZBH,universe,pending,,,,,,
CDE,universe,pending,,,,,,
SSNC,universe,pending,,,,,,
NVR,universe,pending,,,,,,
TLN,universe,pending,,,,,,
GH,universe,pending,,,,,,
WPC,universe,pending,,,,,,
SITM,universe,pending,,,,,,
PR,universe,pending,,,,,,
NBIX,universe,pending,,,,,,
MAA,universe,pending,,,,,,
KIM,universe,pending,,,,,,
VNOM,universe,pending,,,,,,
BEN,universe,pending,,,,,,
LOGI,universe,pending,,,,,,
AMKR,universe,pending,,,,,,
PAA,universe,pending,,,,,,
IEX,universe,pending,,,,,,
OVV,universe,pending,,,,,,
TXT,universe,pending,,,,,,
GEN,universe,pending,,,,,,
TPG,universe,pending,,,,,,
PTC,universe,pending,,,,,,
SUI,universe,pending,,,,,,
NDSN,universe,pending,,,,,,
RMBS,universe,pending,,,,,,
CG,universe,pending,,,,,,
LDOS,universe,pending,,,,,,
TSCO,universe,pending,,,,,,
WMG,universe,pending,,,,,,
NLY,universe,pending,,,,,,
KSPI,universe,pending,,,,,,
GNRC,universe,pending,,,,,,
LAMR,universe,pending,,,,,,
WSO,universe,pending,,,,,,
OWL,universe,pending,,,,,,
PFGC,universe,pending,,,,,,
XPEV,universe,pending,,,,,,
NVMI,universe,pending,,,,,,
RBRK,universe,pending,,,,,,
BBY,universe,pending,,,,,,
YUMC,universe,pending,,,,,,
DECK,universe,pending,,,,,,
JAZZ,universe,pending,,,,,,
CLH,universe,pending,,,,,,
RTO,universe,pending,,,,,,
AGI,universe,pending,,,,,,
BWA,universe,pending,,,,,,
NWSA,universe,pending,,,,,,
MLI,universe,pending,,,,,,
MOD,universe,pending,,,,,,
DTM,universe,pending,,,,,,
REG,universe,pending,,,,,,
UDR,universe,pending,,,,,,
APTV,universe,pending,,,,,,
NTNX,universe,pending,,,,,,
J,universe,pending,,,,,,
LI,universe,pending,,,,,,
LECO,universe,pending,,,,,,
IESC,universe,pending,,,,,,
SGI,universe,pending,,,,,,
TOST,universe,pending,,,,,,
WSO.B,universe,pending,,,,,,
AAOI,universe,pending,,,,,,
LTM,universe,pending,,,,,,
CHKP,universe,pending,,,,,,
GIB,universe,pending,,,,,,
BALL,universe,pending,,,,,,
SMTC,universe,pending,,,,,,
ARMK,universe,pending,,,,,,
SOLV,universe,pending,,,,,,
DY,universe,pending,,,,,,
MAS,universe,pending,,,,,,
CSL,universe,pending,,,,,,
THC,universe,pending,,,,,,
UNM,universe,pending,,,,,,
OHI,universe,pending,,,,,,
TIGO,universe,pending,,,,,,
CSGP,universe,pending,,,,,,
HTHT,universe,pending,,,,,,
LGN,universe,pending,,,,,,
JLL,universe,pending,,,,,,
AMH,universe,pending,,,,,,
GRAB,universe,pending,,,,,,
GPC,universe,pending,,,,,,
DOC,universe,pending,,,,,,
TRU,universe,pending,,,,,,
RRX,universe,pending,,,,,,
SANM,universe,pending,,,,,,
ARCC,universe,pending,,,,,,
RPM,universe,pending,,,,,,
RGA,universe,pending,,,,,,
GLPI,universe,pending,,,,,,
CNH,universe,pending,,,,,,
EXEL,universe,pending,,,,,,
BBIO,universe,pending,,,,,,
EG,universe,pending,,,,,,
JHX,universe,pending,,,,,,
COO,universe,pending,,,,,,
EVR,universe,pending,,,,,,
ALLY,universe,done,COMPOUNDER,855,900,0.95,2026-06-09,decelerate +55% GLP-1 surge to 15% (vs model 28% cap)/41% margin + High unc (pharma regulated) = $854; agree Wide moat + OVERVALUED at $1135 (40x trailing); cut raw $3305 baseline 4x
TFII,universe,pending,,,,,,
HRL,universe,pending,,,,,,
MEDP,universe,pending,,,,,,
LULU,universe,pending,,,,,,
FUTU,universe,pending,,,,,,
APA,universe,pending,,,,,,
TOL,universe,pending,,,,,,
MKC.V,universe,pending,,,,,,
DINO,universe,pending,,,,,,
SOLS,universe,pending,,,,,,
TYL,universe,pending,,,,,,
GFL,universe,pending,,,,,,
KNX,universe,pending,,,,,,
FNF,universe,pending,,,,,,
AIZ,universe,pending,,,,,,
U,universe,pending,,,,,,
ENLT,universe,pending,,,,,,
MKC,universe,pending,,,,,,
HUT,universe,pending,,,,,,
TRMB,universe,pending,,,,,,
PEN,universe,pending,,,,,,
ONTO,universe,pending,,,,,,
ELS,universe,pending,,,,,,
PNW,universe,pending,,,,,,
SUN,universe,pending,,,,,,
NYT,universe,pending,,,,,,
SAIA,universe,pending,,,,,,
AUR,universe,pending,,,,,,
DKNG,universe,pending,,,,,,
ONON,universe,pending,,,,,,
GL,universe,pending,,,,,,
VICR,universe,pending,,,,,,
GGG,universe,pending,,,,,,
DVA,universe,pending,,,,,,
DRS,universe,pending,,,,,,
IONS,universe,pending,,,,,,
RNR,universe,pending,,,,,,
DT,universe,pending,,,,,,
CRBG,universe,pending,,,,,,
BF.A,universe,pending,,,,,,
SWK,universe,pending,,,,,,
BNT,universe,pending,,,,,,
MGM,universe,pending,,,,,,
IVZ,universe,pending,,,,,,
ALGN,universe,pending,,,,,,
BF.B,universe,pending,,,,,,
PINS,universe,pending,,,,,,
COKE,universe,pending,,,,,,
AXSM,universe,pending,,,,,,
HAS,universe,pending,,,,,,
WULF,universe,pending,,,,,,
ERIE,universe,pending,,,,,,
AVY,universe,pending,,,,,,
FMS,universe,pending,,,,,,
PNR,universe,pending,,,,,,
CNA,universe,pending,,,,,,
ELAN,universe,pending,,,,,,
AEIS,universe,pending,,,,,,
CACI,universe,pending,,,,,,
VIAV,universe,pending,,,,,,
WBS,universe,pending,,,,,,
AGNC,universe,pending,,,,,,
MOG.A,universe,pending,,,,,,
AIT,universe,pending,,,,,,
LFUS,universe,pending,,,,,,
HII,universe,pending,,,,,,
FIG,universe,pending,,,,,,
EQH,universe,pending,,,,,,
PL,universe,pending,,,,,,
FHN,universe,pending,,,,,,
SMMT,universe,pending,,,,,,
ICLR,universe,pending,,,,,,
QXO,universe,pending,,,,,,
SPXC,universe,pending,,,,,,
BJ,universe,pending,,,,,,
JEF,universe,pending,,,,,,
CLX,universe,pending,,,,,,
GWRE,universe,pending,,,,,,
BTSG,universe,pending,,,,,,
APLD,universe,pending,,,,,,
BLD,universe,pending,,,,,,
PAG,universe,pending,,,,,,
VIRT,universe,pending,,,,,,
MDGL,universe,pending,,,,,,
TXRH,universe,pending,,,,,,
ARW,universe,pending,,,,,,
ALLE,universe,pending,,,,,,
GDDY,universe,pending,,,,,,
CPT,universe,pending,,,,,,
BXP,universe,pending,,,,,,
SWKS,universe,pending,,,,,,
ZBRA,universe,pending,,,,,,
SJM,universe,pending,,,,,,
AR,universe,pending,,,,,,
AFG,universe,pending,,,,,,
IT,universe,pending,,,,,,
RVTY,universe,pending,,,,,,
KTOS,universe,pending,,,,,,
BMRN,universe,pending,,,,,,
UHAL,universe,pending,,,,,,
CR,universe,pending,,,,,,
HUBS,universe,pending,,,,,,
AAON,universe,pending,,,,,,
GMED,universe,pending,,,,,,
SF,universe,pending,,,,,,
WLK,universe,pending,,,,,,
WYNN,universe,pending,,,,,,
SEIC,universe,pending,,,,,,
LINE,universe,pending,,,,,,
GIL,universe,pending,,,,,,
EGP,universe,pending,,,,,,
FRT,universe,pending,,,,,,
PODD,universe,pending,,,,,,
WTRG,universe,pending,,,,,,
SFD,universe,pending,,,,,,
MP,universe,pending,,,,,,
FIVE,universe,pending,,,,,,
GSAT,universe,pending,,,,,,
WTS,universe,pending,,,,,,
AES,universe,pending,,,,,,
MICC,universe,pending,,,,,,
DPZ,universe,pending,,,,,,
CCK,universe,pending,,,,,,
POWL,universe,pending,,,,,,
VMI,universe,pending,,,,,,
SAIL,universe,pending,,,,,,
EHC,universe,pending,,,,,,
WTFC,universe,pending,,,,,,
ARWR,universe,pending,,,,,,
R,universe,pending,,,,,,
AM,universe,pending,,,,,,
HBM,universe,pending,,,,,,
FROG,universe,pending,,,,,,
MOG.B,universe,pending,,,,,,
CGNX,universe,pending,,,,,,
CNM,universe,pending,,,,,,
OKLO,universe,pending,,,,,,
MUSA,universe,pending,,,,,,
BAX,universe,pending,,,,,,
BSY,universe,pending,,,,,,
WMS,universe,pending,,,,,,
ENSG,universe,pending,,,,,,
MOH,universe,pending,,,,,,
GTLS,universe,pending,,,,,,
HL,universe,pending,,,,,,
UHAL.B,universe,pending,,,,,,
RGC,universe,pending,,,,,,
FCFS,universe,pending,,,,,,
BPOP,universe,pending,,,,,,
UMBF,universe,pending,,,,,,
OGE,universe,pending,,,,,,
AHR,universe,pending,,,,,,
GME,universe,pending,,,,,,
AGX,universe,pending,,,,,,
ESI,universe,pending,,,,,,
CYTK,universe,pending,,,,,,
BROS,universe,pending,,,,,,
CART,universe,pending,,,,,,
DCI,universe,pending,,,,,,
HLI,universe,pending,,,,,,
SCI,universe,pending,,,,,,
ALSN,universe,pending,,,,,,
OC,universe,pending,,,,,,
ALV,universe,pending,,,,,,
SNAP,universe,pending,,,,,,
CWEN,universe,pending,,,,,,
BAH,universe,pending,,,,,,
BRX,universe,pending,,,,,,
DDS,universe,pending,,,,,,
DAR,universe,pending,,,,,,
AVAV,universe,pending,,,,,,
FLS,universe,pending,,,,,,
JOBY,universe,pending,,,,,,
TTD,universe,pending,,,,,,
MASI,universe,pending,,,,,,
PSO,universe,pending,,,,,,
RIOT,universe,pending,,,,,,
FDS,universe,pending,,,,,,
SSB,universe,pending,,,,,,
ZION,universe,pending,,,,,,
MSGS,universe,pending,,,,,,
ORI,universe,pending,,,,,,
ONB,universe,pending,,,,,,
JKHY,universe,pending,,,,,,
RRC,universe,pending,,,,,,
CIFR,universe,pending,,,,,,
DOCU,universe,pending,,,,,,
LUMN,universe,pending,,,,,,
CUBE,universe,pending,,,,,,
VSAT,universe,pending,,,,,,
TKR,universe,pending,,,,,,
SNEX,universe,pending,,,,,,
AYI,universe,pending,,,,,,
ACM,universe,pending,,,,,,
FRHC,universe,pending,,,,,,
FORM,universe,pending,,,,,,
SIRI,universe,pending,,,,,,
W,universe,pending,,,,,,
YMM,universe,pending,,,,,,
CTRE,universe,pending,,,,,,
ARE,universe,pending,,,,,,
AAL,universe,pending,,,,,,
IAG,universe,pending,,,,,,
AMG,universe,pending,,,,,,
KRYS,universe,pending,,,,,,
ADC,universe,pending,,,,,,
QBTS,universe,pending,,,,,,
HSIC,universe,pending,,,,,,
CFR,universe,pending,,,,,,
UHS,universe,pending,,,,,,
SIMO,universe,pending,,,,,,
WAL,universe,pending,,,,,,
MANH,universe,pending,,,,,,
CRL,universe,pending,,,,,,
LEVI,universe,pending,,,,,,
QRVO,universe,pending,,,,,,
ALGM,universe,pending,,,,,,
NCLH,universe,pending,,,,,,
ORA,universe,pending,,,,,,
RYAN,universe,pending,,,,,,
COLB,universe,pending,,,,,,
BRKR,universe,pending,,,,,,
NNN,universe,pending,,,,,,
SARO,universe,pending,,,,,,
EQX,universe,pending,,,,,,
HALO,universe,pending,,,,,,
CHWY,universe,pending,,,,,,
FR,universe,pending,,,,,,
AGCO,universe,pending,,,,,,
STN,universe,pending,,,,,,
TAP.A,universe,pending,,,,,,
AG,universe,pending,,,,,,
TEM,universe,pending,,,,,,
TTC,universe,pending,,,,,,
CRUS,universe,pending,,,,,,
VIST,universe,pending,,,,,,
ENS,universe,pending,,,,,,
PRI,universe,pending,,,,,,
CMC,universe,pending,,,,,,
CORZ,universe,pending,,,,,,
EMN,universe,pending,,,,,,
CAE,universe,pending,,,,,,
TECH,universe,pending,,,,,,
BIO.B,universe,pending,,,,,,
OSK,universe,pending,,,,,,
ZG,universe,pending,,,,,,
ABVX,universe,pending,,,,,,
ACI,universe,pending,,,,,,
MTCH,universe,pending,,,,,,
Z,universe,pending,,,,,,
HESM,universe,pending,,,,,,
MBLY,universe,pending,,,,,,
JHG,universe,pending,,,,,,
ZWS,universe,pending,,,,,,
XP,universe,pending,,,,,,
BLDR,universe,pending,,,,,,
AOS,universe,pending,,,,,,
REXR,universe,pending,,,,,,
BIO,universe,pending,,,,,,
VOYA,universe,pending,,,,,,
BOKF,universe,pending,,,,,,
IDA,universe,pending,,,,,,
FRO,universe,pending,,,,,,
CORT,universe,pending,,,,,,
SFM,universe,pending,,,,,,
BIRK,universe,pending,,,,,,
VSH,universe,pending,,,,,,
GAP,universe,pending,,,,,,
CBSH,universe,pending,,,,,,
SM,universe,pending,,,,,,
CLF,universe,pending,,,,,,
EGO,universe,pending,,,,,,
ECG,universe,pending,,,,,,
VLY,universe,pending,,,,,,
SSD,universe,pending,,,,,,
EDU,universe,pending,,,,,,
CHRD,universe,pending,,,,,,
ESE,universe,pending,,,,,,
QGEN,universe,pending,,,,,,
CAMT,universe,pending,,,,,,
KNTK,universe,pending,,,,,,
KEX,universe,pending,,,,,,
JXN,universe,pending,,,,,,
RHP,universe,pending,,,,,,
VFS,universe,pending,,,,,,
UGI,universe,pending,,,,,,
HQY,universe,pending,,,,,,
LSTR,universe,pending,,,,,,
ENPH,universe,pending,,,,,,
OSCR,universe,pending,,,,,,
TTAN,universe,pending,,,,,,
NFG,universe,pending,,,,,,
GKOS,universe,pending,,,,,,
PCOR,universe,pending,,,,,,
TAP,universe,pending,,,,,,
PLXS,universe,pending,,,,,,
YOU,universe,pending,,,,,,
AXS,universe,pending,,,,,,
BILI,universe,pending,,,,,,
CWAN,universe,pending,,,,,,
STAG,universe,pending,,,,,,
NEU,universe,pending,,,,,,
ST,universe,pending,,,,,,
IBRX,universe,pending,,,,,,
MXL,universe,pending,,,,,,
NE,universe,pending,,,,,,
TTEK,universe,pending,,,,,,
ATR,universe,pending,,,,,,
ICL,universe,pending,,,,,,
NOV,universe,pending,,,,,,
VNO,universe,pending,,,,,,
LTH,universe,pending,,,,,,
SLAB,universe,pending,,,,,,
CELH,universe,pending,,,,,,
NUVL,universe,pending,,,,,,
ALKS,universe,pending,,,,,,
AVT,universe,pending,,,,,,
PPC,universe,pending,,,,,,
LEA,universe,pending,,,,,,
PRAX,universe,pending,,,,,,
MOS,universe,pending,,,,,,
MORN,universe,pending,,,,,,
BEPC,universe,pending,,,,,,
KNSL,universe,pending,,,,,,
MIDD,universe,pending,,,,,,
PB,universe,pending,,,,,,
WFRD,universe,pending,,,,,,
MAC,universe,pending,,,,,,
MYRG,universe,pending,,,,,,
TEX,universe,pending,,,,,,
RGEN,universe,pending,,,,,,
HR,universe,pending,,,,,,
AXTA,universe,pending,,,,,,
RGTI,universe,pending,,,,,,
PCVX,universe,pending,,,,,,
CBC,universe,pending,,,,,,
QMMM,universe,pending,,,,,,
FAF,universe,pending,,,,,,
GDS,universe,pending,,,,,,
NXE,universe,pending,,,,,,
TRNO,universe,pending,,,,,,
INGM,universe,pending,,,,,,
BBUC,universe,pending,,,,,,
POOL,universe,pending,,,,,,
THG,universe,pending,,,,,,
IDCC,universe,pending,,,,,,
RAL,universe,pending,,,,,,
HXL,universe,pending,,,,,,
KMX,universe,pending,,,,,,
MRCY,universe,pending,,,,,,
CHYM,universe,pending,,,,,,
MTDR,universe,pending,,,,,,
LNC,universe,pending,,,,,,
FLR,universe,pending,,,,,,
AWI,universe,pending,,,,,,
PRIM,universe,pending,,,,,,
NPO,universe,pending,,,,,,
LAD,universe,pending,,,,,,
TMHC,universe,pending,,,,,,
RIG,universe,pending,,,,,,
EXP,universe,pending,,,,,,
SGHC,universe,pending,,,,,,
LNTH,universe,pending,,,,,,
KGS,universe,pending,,,,,,
TXNM,universe,pending,,,,,,
EPRT,universe,pending,,,,,,
APGE,universe,pending,,,,,,
KRMN,universe,pending,,,,,,
BYD,universe,pending,,,,,,
SNDR,universe,pending,,,,,,
GTES,universe,pending,,,,,,
VFC,universe,pending,,,,,,
FSS,universe,pending,,,,,,
STWD,universe,pending,,,,,,
SEI,universe,pending,,,,,,
ESTC,universe,pending,,,,,,
FSV,universe,pending,,,,,,
DSGX,universe,pending,,,,,,
CPB,universe,pending,,,,,,
JBTM,universe,pending,,,,,,
MSM,universe,pending,,,,,,
LKQ,universe,pending,,,,,,
SWX,universe,pending,,,,,,
DBX,universe,pending,,,,,,
PAYC,universe,pending,,,,,,
PJT,universe,pending,,,,,,
SYRE,universe,pending,,,,,,
OMF,universe,pending,,,,,,
URBN,universe,pending,,,,,,
IMVT,universe,pending,,,,,,
NSA,universe,pending,,,,,,
DOX,universe,pending,,,,,,
OR,universe,pending,,,,,,
ETSY,universe,pending,,,,,,
RYN,universe,pending,,,,,,
BZ,universe,pending,,,,,,
INGR,universe,pending,,,,,,
FIGR,universe,pending,,,,,,
FNB,universe,pending,,,,,,
PSN,universe,pending,,,,,,
AN,universe,pending,,,,,,
MHK,universe,pending,,,,,,
PTGX,universe,pending,,,,,,
AVTR,universe,pending,,,,,,
ROAD,universe,pending,,,,,,
CAR,universe,pending,,,,,,
MSA,universe,pending,,,,,,
CAG,universe,pending,,,,,,
UEC,universe,pending,,,,,,
KLAR,universe,pending,,,,,,
GVA,universe,pending,,,,,,
TGTX,universe,pending,,,,,,
GBCI,universe,pending,,,,,,
WH,universe,pending,,,,,,
VAL,universe,pending,,,,,,
CNTA,universe,pending,,,,,,
KYMR,universe,pending,,,,,,
PCTY,universe,pending,,,,,,
GATX,universe,pending,,,,,,
HIMS,universe,pending,,,,,,
LEGN,universe,pending,,,,,,
CHDN,universe,pending,,,,,,
RSI,universe,pending,,,,,,
UBSI,universe,pending,,,,,,
HPP,universe,pending,,,,,,
NVTS,universe,pending,,,,,,
EAT,universe,pending,,,,,,
ACA,universe,pending,,,,,,
AROC,universe,pending,,,,,,
GTX,universe,pending,,,,,,
CENX,universe,pending,,,,,,
CZR,universe,pending,,,,,,
CROX,universe,pending,,,,,,
FLY,universe,pending,,,,,,
RYTM,universe,pending,,,,,,
LOAR,universe,pending,,,,,,
VSXY,universe,pending,,,,,,
APPF,universe,pending,,,,,,
PTCT,universe,pending,,,,,,
CHE,universe,pending,,,,,,
PACS,universe,pending,,,,,,
POR,universe,pending,,,,,,
FLG,universe,pending,,,,,,
TFPM,universe,pending,,,,,,
ACT,universe,pending,,,,,,
M,universe,pending,,,,,,
AXTI,universe,pending,,,,,,
PATH,universe,pending,,,,,,
TAL,universe,pending,,,,,,
LW,universe,pending,,,,,,
RRR,universe,pending,,,,,,
PEGA,universe,pending,,,,,,
COMP,universe,pending,,,,,,
KRG,universe,pending,,,,,,
ABCB,universe,pending,,,,,,
TFX,universe,pending,,,,,,
BLTE,universe,pending,,,,,,
MIRM,universe,pending,,,,,,
PAGP,universe,pending,,,,,,
CACC,universe,pending,,,,,,
VSNT,universe,pending,,,,,,
MATX,universe,pending,,,,,,
STEP,universe,pending,,,,,,
HWC,universe,pending,,,,,,
MCY,universe,pending,,,,,,
OTEX,universe,pending,,,,,,
GXO,universe,pending,,,,,,
CE,universe,pending,,,,,,
NJR,universe,pending,,,,,,
PECO,universe,pending,,,,,,
AMTM,universe,pending,,,,,,
BTG,universe,pending,,,,,,
NOVT,universe,pending,,,,,,
NXST,universe,pending,,,,,,
SSRM,universe,pending,,,,,,
MUR,universe,pending,,,,,,
BKH,universe,pending,,,,,,
G,universe,pending,,,,,,
BB,universe,pending,,,,,,
BLCO,universe,pending,,,,,,
LQDA,universe,pending,,,,,,
USAR,universe,pending,,,,,,
OUT,universe,pending,,,,,,
ZETA,universe,pending,,,,,,
VCTR,universe,pending,,,,,,
OBDC,universe,pending,,,,,,
S,universe,pending,,,,,,
CWST,universe,pending,,,,,,
HOMB,universe,pending,,,,,,
NICE,universe,pending,,,,,,
CPA,universe,pending,,,,,,
AUB,universe,pending,,,,,,
LB,universe,pending,,,,,,
GLBE,universe,pending,,,,,,
MTG,universe,pending,,,,,,
PSMT,universe,pending,,,,,,
ESAB,universe,pending,,,,,,
NAVN,universe,pending,,,,,,
IBP,universe,pending,,,,,,
ONDS,universe,pending,,,,,,
SRRK,universe,pending,,,,,,
SIGI,universe,pending,,,,,,
COGT,universe,pending,,,,,,
ESNT,universe,pending,,,,,,
HCC,universe,pending,,,,,,
ACMR,universe,pending,,,,,,
GOLF,universe,pending,,,,,,
GTLB,universe,pending,,,,,,
GNTX,universe,pending,,,,,,
ASB,universe,pending,,,,,,
MGY,universe,pending,,,,,,
IFS,universe,pending,,,,,,
BC,universe,pending,,,,,,
RUSHA,universe,pending,,,,,,
RUSHB,universe,pending,,,,,,
SEB,universe,pending,,,,,,
BGC,universe,pending,,,,,,
LYFT,universe,pending,,,,,,
PIPR,universe,pending,,,,,,
CRC,universe,pending,,,,,,
WFG,universe,pending,,,,,,
ADT,universe,pending,,,,,,
GLNG,universe,pending,,,,,,
WEX,universe,pending,,,,,,
BCPC,universe,pending,,,,,,
KLIC,universe,pending,,,,,,
FND,universe,pending,,,,,,
EPAM,universe,pending,,,,,,
WTM,universe,pending,,,,,,
CRSP,universe,pending,,,,,,
RITM,universe,pending,,,,,,
DLB,universe,pending,,,,,,
BOOT,universe,pending,,,,,,
BIPC,universe,pending,,,,,,
DUOL,universe,pending,,,,,,
VSEC,universe,pending,,,,,,
MC,universe,pending,,,,,,
AUGO,universe,pending,,,,,,
STVN,universe,pending,,,,,,
PBF,universe,pending,,,,,,
IRDM,universe,pending,,,,,,
XENE,universe,pending,,,,,,
CHH,universe,pending,,,,,,
AX,universe,pending,,,,,,
SPHR,universe,pending,,,,,,
IEP,universe,pending,,,,,,
ALH,universe,pending,,,,,,
CIGI,universe,pending,,,,,,
HASI,universe,pending,,,,,,
LPX,universe,pending,,,,,,
HNGE,universe,pending,,,,,,
OGS,universe,pending,,,,,,
PRM,universe,pending,,,,,,
CVLT,universe,pending,,,,,,
UNF,universe,pending,,,,,,
GHC,universe,pending,,,,,,
GBTG,universe,pending,,,,,,
SR,universe,pending,,,,,,
SAIC,universe,pending,,,,,,
HRB,universe,pending,,,,,,
MTN,universe,pending,,,,,,
MAIN,universe,pending,,,,,,
RLI,universe,pending,,,,,,
FCN,universe,pending,,,,,,
MRP,universe,pending,,,,,,
SXT,universe,pending,,,,,,
ALK,universe,pending,,,,,,
TBBB,universe,pending,,,,,,
CNX,universe,pending,,,,,,
LGND,universe,pending,,,,,,
SYNA,universe,pending,,,,,,
WSC,universe,pending,,,,,,
CGON,universe,pending,,,,,,
LAUR,universe,pending,,,,,,
REYN,universe,pending,,,,,,
LBTYB,universe,pending,,,,,,
REZI,universe,pending,,,,,,
QS,universe,pending,,,,,,
MAAS,universe,pending,,,,,,
LUNR,universe,pending,,,,,,
CNR,universe,pending,,,,,,
MARA,universe,pending,,,,,,
SON,universe,pending,,,,,,
KVYO,universe,pending,,,,,,
CAI,universe,pending,,,,,,
FBIN,universe,pending,,,,,,
SBRA,universe,pending,,,,,,
SITE,universe,pending,,,,,,
FFIN,universe,pending,,,,,,
DIOD,universe,pending,,,,,,
LBRT,universe,pending,,,,,,
AIR,universe,pending,,,,,,
OLLI,universe,pending,,,,,,
NNI,universe,pending,,,,,,
ALM,universe,pending,,,,,,
AQN,universe,pending,,,,,,
ATAT,universe,pending,,,,,,
CSTM,universe,pending,,,,,,
TFSL,universe,pending,,,,,,
MTRN,universe,pending,,,,,,
MTH,universe,pending,,,,,,
HRI,universe,pending,,,,,,
LAZ,universe,pending,,,,,,
IPGP,universe,pending,,,,,,
VVV,universe,pending,,,,,,
CUZ,universe,pending,,,,,,
IBOC,universe,pending,,,,,,
EXLS,universe,pending,,,,,,
UFPI,universe,pending,,,,,,
ACLS,universe,pending,,,,,,
KBR,universe,pending,,,,,,
RDN,universe,pending,,,,,,
PLUG,universe,pending,,,,,,
TNL,universe,pending,,,,,,
CNO,universe,pending,,,,,,
BLLN,universe,pending,,,,,,
FTDR,universe,pending,,,,,,
HLNE,universe,pending,,,,,,
MDU,universe,pending,,,,,,
TDS,universe,pending,,,,,,
MEOH,universe,pending,,,,,,
XMTR,universe,pending,,,,,,
SHC,universe,pending,,,,,,
DOO,universe,pending,,,,,,
INDV,universe,pending,,,,,,
LBRDA,universe,pending,,,,,,
TCBI,universe,pending,,,,,,
RXO,universe,pending,,,,,,
MNDY,universe,pending,,,,,,
DNTH,universe,pending,,,,,,
EPR,universe,pending,,,,,,
AMRX,universe,pending,,,,,,
PTEN,universe,pending,,,,,,
AD,universe,pending,,,,,,
FELE,universe,pending,,,,,,
ACIW,universe,pending,,,,,,
KRC,universe,pending,,,,,,
CSW,universe,pending,,,,,,
NWE,universe,pending,,,,,,
ANDG,universe,pending,,,,,,
FHI,universe,pending,,,,,,
TWST,universe,pending,,,,,,
CVSA,universe,pending,,,,,,
CELC,universe,pending,,,,,,
POWI,universe,pending,,,,,,
CMBT,universe,pending,,,,,,
RDNT,universe,pending,,,,,,
SFBS,universe,pending,,,,,,
EBC,universe,pending,,,,,,
OPEN,universe,pending,,,,,,
SKT,universe,pending,,,,,,
TVTX,universe,pending,,,,,,
LRN,universe,pending,,,,,,
BTDR,universe,pending,,,,,,
COCO,universe,pending,,,,,,
ACHR,universe,pending,,,,,,
CVCO,universe,pending,,,,,,
SLM,universe,pending,,,,,,
FLNC,universe,pending,,,,,,
PFSI,universe,pending,,,,,,
COLD,universe,pending,,,,,,
KNF,universe,pending,,,,,,
ENVA,universe,pending,,,,,,
FULT,universe,pending,,,,,,
UWMC,universe,pending,,,,,,
MMYT,universe,pending,,,,,,
MIR,universe,pending,,,,,,
BRC,universe,pending,,,,,,
CBT,universe,pending,,,,,,
BCO,universe,pending,,,,,,
MKTX,universe,pending,,,,,,
CAAP,universe,pending,,,,,,
BDC,universe,pending,,,,,,
AZZ,universe,pending,,,,,,
TREX,universe,pending,,,,,,
BNL,universe,pending,,,,,,
SRAD,universe,pending,,,,,,
SKY,universe,pending,,,,,,
POST,universe,pending,,,,,,
BETA,universe,pending,,,,,,
MAT,universe,pending,,,,,,
BLSH,universe,pending,,,,,,
LOPE,universe,pending,,,,,,
USAC,universe,pending,,,,,,
PLNT,universe,pending,,,,,,
OLED,universe,pending,,,,,,
IRT,universe,pending,,,,,,
INSW,universe,pending,,,,,,
CLSK,universe,pending,,,,,,
UCB,universe,pending,,,,,,
LBTYA,universe,pending,,,,,,
LIVN,universe,pending,,,,,,
MRX,universe,pending,,,,,,
VNT,universe,pending,,,,,,
MWA,universe,pending,,,,,,
LMND,universe,pending,,,,,,
RELY,universe,pending,,,,,,
THO,universe,pending,,,,,,
TXG,universe,pending,,,,,,
EMAT,universe,pending,,,,,,
WHD,universe,pending,,,,,,
ZGN,universe,pending,,,,,,
GFF,universe,pending,,,,,,
KEN,universe,pending,,,,,,
HGV,universe,pending,,,,,,
CATY,universe,pending,,,,,,
SEZL,universe,pending,,,,,,
LION,universe,pending,,,,,,
NTSK,universe,pending,,,,,,
VCYT,universe,pending,,,,,,
HHH,universe,pending,,,,,,
PTRN,universe,pending,,,,,,
WING,universe,pending,,,,,,
KTB,universe,pending,,,,,,
SLGN,universe,pending,,,,,,
QLYS,universe,pending,,,,,,
OPLN,universe,pending,,,,,,
MMSI,universe,pending,,,,,,
SEDG,universe,pending,,,,,,
VRNS,universe,pending,,,,,,
INDB,universe,pending,,,,,,
WAY,universe,pending,,,,,,
LBTYK,universe,pending,,,,,,
EWTX,universe,pending,,,,,,
DAN,universe,pending,,,,,,
CPRX,universe,pending,,,,,,
CRK,universe,pending,,,,,,
WPP,universe,pending,,,,,,
CRGY,universe,pending,,,,,,
CNS,universe,pending,,,,,,
DORM,universe,pending,,,,,,
STNG,universe,pending,,,,,,
FOUR,universe,pending,,,,,,
CDP,universe,pending,,,,,,
RNST,universe,pending,,,,,,
DOCS,universe,pending,,,,,,
FBP,universe,pending,,,,,,
NVST,universe,pending,,,,,,
PII,universe,pending,,,,,,
UUUU,universe,pending,,,,,,
KFY,universe,pending,,,,,,
ATMU,universe,done,CYCLICAL,130,455,0.29,2026-06-09,memory at cycle PEAK (op margin 67.6% TTM unsustainable; fwd PE 8.78=peak earnings); value mid-cycle 10% growth/22% margin = $103-130; agree MS None moat (model Narrow); both read OVERVALUED at $960; gap=HBM structural uplift skepticism
HP,universe,pending,,,,,,
ORLA,universe,pending,,,,,,
PONY,universe,pending,,,,,,
WSFS,universe,pending,,,,,,
BELFB,universe,pending,,,,,,
KNSA,universe,pending,,,,,,
JOE,universe,pending,,,,,,
TPC,universe,pending,,,,,,
ERAS,universe,pending,,,,,,
MIAX,universe,pending,,,,,,
LASR,universe,pending,,,,,,
BANF,universe,pending,,,,,,
OII,universe,pending,,,,,,
GPI,universe,pending,,,,,,
BOX,universe,pending,,,,,,
BMI,universe,pending,,,,,,
APLE,universe,pending,,,,,,
ACAD,universe,pending,,,,,,
FRMI,universe,pending,,,,,,
NAMS,universe,pending,,,,,,
FG,universe,pending,,,,,,
PI,universe,pending,,,,,,
SLG,universe,pending,,,,,,
BFH,universe,pending,,,,,,
UCTT,universe,pending,,,,,,
LIF,universe,pending,,,,,,
RDW,universe,pending,,,,,,
EE,universe,pending,,,,,,
EXTR,universe,pending,,,,,,
CNK,universe,pending,,,,,,
OTTR,universe,pending,,,,,,
NMRK,universe,pending,,,,,,
HAFN,universe,pending,,,,,,
SMR,universe,pending,,,,,,
ORKA,universe,pending,,,,,,
CVBF,universe,pending,,,,,,
GEF,universe,pending,,,,,,
TDW,universe,pending,,,,,,
BHF,universe,pending,,,,,,
YETI,universe,pending,,,,,,
HGTY,universe,pending,,,,,,
PVH,universe,pending,,,,,,
CALM,universe,pending,,,,,,
BILL,universe,pending,,,,,,
VECO,universe,pending,,,,,,
ABG,universe,pending,,,,,,
IRTC,universe,pending,,,,,,
ITRI,universe,pending,,,,,,
RNG,universe,pending,,,,,,
MHO,universe,pending,,,,,,
TCGL,universe,pending,,,,,,
NP,universe,pending,,,,,,
SXI,universe,pending,,,,,,
BBWI,universe,pending,,,,,,
OGN,universe,pending,,,,,,
AVA,universe,pending,,,,,,
